Lesson,Question,Option 1,Option 2,Option 3,Option 4,Correct Answer,Explanation
Introduction to Astronomy,Introduction to Astronomy: Sample Question 1?,Option A,Option B,Option C,Option D,Option A,This question belongs to the lesson 'Introduction to Astronomy'. Option A is the correct answer because it aligns with the fundamental concept of this lesson. The other options are either incorrect or misleading in context.
Introduction to Astronomy,Introduction to Astronomy: Sample Question 2?,Option A,Option B,Option C,Option D,Option A,This question belongs to the lesson 'Introduction to Astronomy'. Option A is the correct answer because it aligns with the fundamental concept of this lesson. The other options are either incorrect or misleading in context.
Introduction to Astronomy,Introduction to Astronomy: Sample Question 3?,Option A,Option B,Option C,Option D,Option A,This question belongs to the lesson 'Introduction to Astronomy'. Option A is the correct answer because it aligns with the fundamental concept of this lesson. The other options are either incorrect or misleading in context.
Introduction to Astronomy,Introduction to Astronomy: Sample Question 4?,Option A,Option B,Option C,Option D,Option A,This question belongs to the lesson 'Introduction to Astronomy'. Option A is the correct answer because it aligns with the fundamental concept of this lesson. The other options are either incorrect or misleading in context.
Introduction to Astronomy,Introduction to Astronomy: Sample Question 5?,Option A,Option B,Option C,Option D,Option A,This question belongs to the lesson 'Introduction to Astronomy'. Option A is the correct answer because it aligns with the fundamental concept of this lesson. The other options are either incorrect or misleading in context.
Introduction to Astronomy,Introduction to Astronomy: Sample Question 6?,Option A,Option B,Option C,Option D,Option A,This question belongs to the lesson 'Introduction to Astronomy'. Option A is the correct answer because it aligns with the fundamental concept of this lesson. The other options are either incorrect or misleading in context.
Introduction to Astronomy,Introduction to Astronomy: Sample Question 7?,Option A,Option B,Option C,Option D,Option A,This question belongs to the lesson 'Introduction to Astronomy'. Option A is the correct answer because it aligns with the fundamental concept of this lesson. The other options are either incorrect or misleading in context.
Introduction to Astronomy,Introduction to Astronomy: Sample Question 8?,Option A,Option B,Option C,Option D,Option A,This question belongs to the lesson 'Introduction to Astronomy'. Option A is the correct answer because it aligns with the fundamental concept of this lesson. The other options are either incorrect or misleading in context.
Introduction to Astronomy,Introduction to Astronomy: Sample Question 9?,Option A,Option B,Option C,Option D,Option A,This question belongs to the lesson 'Introduction to Astronomy'. Option A is the correct answer because it aligns with the fundamental concept of this lesson. The other options are either incorrect or misleading in context.
Introduction to Astronomy,Introduction to Astronomy: Sample Question 10?,Option A,Option B,Option C,Option D,Option A,This question belongs to the lesson 'Introduction to Astronomy'. Option A is the correct answer because it aligns with the fundamental concept of this lesson. The other options are either incorrect or misleading in context.
Introduction to Astronomy,Introduction to Astronomy: Sample Question 11?,Option A,Option B,Option C,Option D,Option A,This question belongs to the lesson 'Introduction to Astronomy'. Option A is the correct answer because it aligns with the fundamental concept of this lesson. The other options are either incorrect or misleading in context.
Introduction to Astronomy,Introduction to Astronomy: Sample Question 12?,Option A,Option B,Option C,Option D,Option A,This question belongs to the lesson 'Introduction to Astronomy'. Option A is the correct answer because it aligns with the fundamental concept of this lesson. The other options are either incorrect or misleading in context.
Introduction to Astronomy,Introduction to Astronomy: Sample Question 13?,Option A,Option B,Option C,Option D,Option A,This question belongs to the lesson 'Introduction to Astronomy'. Option A is the correct answer because it aligns with the fundamental concept of this lesson. The other options are either incorrect or misleading in context.
Introduction to Astronomy,Introduction to Astronomy: Sample Question 14?,Option A,Option B,Option C,Option D,Option A,This question belongs to the lesson 'Introduction to Astronomy'. Option A is the correct answer because it aligns with the fundamental concept of this lesson. The other options are either incorrect or misleading in context.
Introduction to Astronomy,Introduction to Astronomy: Sample Question 15?,Option A,Option B,Option C,Option D,Option A,This question belongs to the lesson 'Introduction to Astronomy'. Option A is the correct answer because it aligns with the fundamental concept of this lesson. The other options are either incorrect or misleading in context.
Introduction to Astronomy,Introduction to Astronomy: Sample Question 16?,Option A,Option B,Option C,Option D,Option A,This question belongs to the lesson 'Introduction to Astronomy'. Option A is the correct answer because it aligns with the fundamental concept of this lesson. The other options are either incorrect or misleading in context.
Introduction to Astronomy,Introduction to Astronomy: Sample Question 17?,Option A,Option B,Option C,Option D,Option A,This question belongs to the lesson 'Introduction to Astronomy'. Option A is the correct answer because it aligns with the fundamental concept of this lesson. The other options are either incorrect or misleading in context.
Introduction to Astronomy,Introduction to Astronomy: Sample Question 18?,Option A,Option B,Option C,Option D,Option A,This question belongs to the lesson 'Introduction to Astronomy'. Option A is the correct answer because it aligns with the fundamental concept of this lesson. The other options are either incorrect or misleading in context.
Introduction to Astronomy,Introduction to Astronomy: Sample Question 19?,Option A,Option B,Option C,Option D,Option A,This question belongs to the lesson 'Introduction to Astronomy'. Option A is the correct answer because it aligns with the fundamental concept of this lesson. The other options are either incorrect or misleading in context.
Introduction to Astronomy,Introduction to Astronomy: Sample Question 20?,Option A,Option B,Option C,Option D,Option A,This question belongs to the lesson 'Introduction to Astronomy'. Option A is the correct answer because it aligns with the fundamental concept of this lesson. The other options are either incorrect or misleading in context.
The Solar System,The Solar System: Sample Question 1?,Option A,Option B,Option C,Option D,Option A,This question belongs to the lesson 'The Solar System'. Option A is the correct answer because it aligns with the fundamental concept of this lesson. The other options are either incorrect or misleading in context.
The Solar System,The Solar System: Sample Question 2?,Option A,Option B,Option C,Option D,Option A,This question belongs to the lesson 'The Solar System'. Option A is the correct answer because it aligns with the fundamental concept of this lesson. The other options are either incorrect or misleading in context.
The Solar System,The Solar System: Sample Question 3?,Option A,Option B,Option C,Option D,Option A,This question belongs to the lesson 'The Solar System'. Option A is the correct answer because it aligns with the fundamental concept of this lesson. The other options are either incorrect or misleading in context.
The Solar System,The Solar System: Sample Question 4?,Option A,Option B,Option C,Option D,Option A,This question belongs to the lesson 'The Solar System'. Option A is the correct answer because it aligns with the fundamental concept of this lesson. The other options are either incorrect or misleading in context.
The Solar System,The Solar System: Sample Question 5?,Option A,Option B,Option C,Option D,Option A,This question belongs to the lesson 'The Solar System'. Option A is the correct answer because it aligns with the fundamental concept of this lesson. The other options are either incorrect or misleading in context.
The Solar System,The Solar System: Sample Question 6?,Option A,Option B,Option C,Option D,Option A,This question belongs to the lesson 'The Solar System'. Option A is the correct answer because it aligns with the fundamental concept of this lesson. The other options are either incorrect or misleading in context.
The Solar System,The Solar System: Sample Question 7?,Option A,Option B,Option C,Option D,Option A,This question belongs to the lesson 'The Solar System'. Option A is the correct answer because it aligns with the fundamental concept of this lesson. The other options are either incorrect or misleading in context.
The Solar System,The Solar System: Sample Question 8?,Option A,Option B,Option C,Option D,Option A,This question belongs to the lesson 'The Solar System'. Option A is the correct answer because it aligns with the fundamental concept of this lesson. The other options are either incorrect or misleading in context.
The Solar System,The Solar System: Sample Question 9?,Option A,Option B,Option C,Option D,Option A,This question belongs to the lesson 'The Solar System'. Option A is the correct answer because it aligns with the fundamental concept of this lesson. The other options are either incorrect or misleading in context.
The Solar System,The Solar System: Sample Question 10?,Option A,Option B,Option C,Option D,Option A,This question belongs to the lesson 'The Solar System'. Option A is the correct answer because it aligns with the fundamental concept of this lesson. The other options are either incorrect or misleading in context.
The Solar System,The Solar System: Sample Question 11?,Option A,Option B,Option C,Option D,Option A,This question belongs to the lesson 'The Solar System'. Option A is the correct answer because it aligns with the fundamental concept of this lesson. The other options are either incorrect or misleading in context.
The Solar System,The Solar System: Sample Question 12?,Option A,Option B,Option C,Option D,Option A,This question belongs to the lesson 'The Solar System'. Option A is the correct answer because it aligns with the fundamental concept of this lesson. The other options are either incorrect or misleading in context.
The Solar System,The Solar System: Sample Question 13?,Option A,Option B,Option C,Option D,Option A,This question belongs to the lesson 'The Solar System'. Option A is the correct answer because it aligns with the fundamental concept of this lesson. The other options are either incorrect or misleading in context.
The Solar System,The Solar System: Sample Question 14?,Option A,Option B,Option C,Option D,Option A,This question belongs to the lesson 'The Solar System'. Option A is the correct answer because it aligns with the fundamental concept of this lesson. The other options are either incorrect or misleading in context.
The Solar System,The Solar System: Sample Question 15?,Option A,Option B,Option C,Option D,Option A,This question belongs to the lesson 'The Solar System'. Option A is the correct answer because it aligns with the fundamental concept of this lesson. The other options are either incorrect or misleading in context.
The Solar System,The Solar System: Sample Question 16?,Option A,Option B,Option C,Option D,Option A,This question belongs to the lesson 'The Solar System'. Option A is the correct answer because it aligns with the fundamental concept of this lesson. The other options are either incorrect or misleading in context.
The Solar System,The Solar System: Sample Question 17?,Option A,Option B,Option C,Option D,Option A,This question belongs to the lesson 'The Solar System'. Option A is the correct answer because it aligns with the fundamental concept of this lesson. The other options are either incorrect or misleading in context.
The Solar System,The Solar System: Sample Question 18?,Option A,Option B,Option C,Option D,Option A,This question belongs to the lesson 'The Solar System'. Option A is the correct answer because it aligns with the fundamental concept of this lesson. The other options are either incorrect or misleading in context.
The Solar System,The Solar System: Sample Question 19?,Option A,Option B,Option C,Option D,Option A,This question belongs to the lesson 'The Solar System'. Option A is the correct answer because it aligns with the fundamental concept of this lesson. The other options are either incorrect or misleading in context.
The Solar System,The Solar System: Sample Question 20?,Option A,Option B,Option C,Option D,Option A,This question belongs to the lesson 'The Solar System'. Option A is the correct answer because it aligns with the fundamental concept of this lesson. The other options are either incorrect or misleading in context.
Stars and Stellar Evolution,Stars and Stellar Evolution: Sample Question 1?,Option A,Option B,Option C,Option D,Option A,This question belongs to the lesson 'Stars and Stellar Evolution'. Option A is the correct answer because it aligns with the fundamental concept of this lesson. The other options are either incorrect or misleading in context.
Stars and Stellar Evolution,Stars and Stellar Evolution: Sample Question 2?,Option A,Option B,Option C,Option D,Option A,This question belongs to the lesson 'Stars and Stellar Evolution'. Option A is the correct answer because it aligns with the fundamental concept of this lesson. The other options are either incorrect or misleading in context.
Stars and Stellar Evolution,Stars and Stellar Evolution: Sample Question 3?,Option A,Option B,Option C,Option D,Option A,This question belongs to the lesson 'Stars and Stellar Evolution'. Option A is the correct answer because it aligns with the fundamental concept of this lesson. The other options are either incorrect or misleading in context.
Stars and Stellar Evolution,Stars and Stellar Evolution: Sample Question 4?,Option A,Option B,Option C,Option D,Option A,This question belongs to the lesson 'Stars and Stellar Evolution'. Option A is the correct answer because it aligns with the fundamental concept of this lesson. The other options are either incorrect or misleading in context.
Stars and Stellar Evolution,Stars and Stellar Evolution: Sample Question 5?,Option A,Option B,Option C,Option D,Option A,This question belongs to the lesson 'Stars and Stellar Evolution'. Option A is the correct answer because it aligns with the fundamental concept of this lesson. The other options are either incorrect or misleading in context.
Stars and Stellar Evolution,Stars and Stellar Evolution: Sample Question 6?,Option A,Option B,Option C,Option D,Option A,This question belongs to the lesson 'Stars and Stellar Evolution'. Option A is the correct answer because it aligns with the fundamental concept of this lesson. The other options are either incorrect or misleading in context.
Stars and Stellar Evolution,Stars and Stellar Evolution: Sample Question 7?,Option A,Option B,Option C,Option D,Option A,This question belongs to the lesson 'Stars and Stellar Evolution'. Option A is the correct answer because it aligns with the fundamental concept of this lesson. The other options are either incorrect or misleading in context.
Stars and Stellar Evolution,Stars and Stellar Evolution: Sample Question 8?,Option A,Option B,Option C,Option D,Option A,This question belongs to the lesson 'Stars and Stellar Evolution'. Option A is the correct answer because it aligns with the fundamental concept of this lesson. The other options are either incorrect or misleading in context.
Stars and Stellar Evolution,Stars and Stellar Evolution: Sample Question 9?,Option A,Option B,Option C,Option D,Option A,This question belongs to the lesson 'Stars and Stellar Evolution'. Option A is the correct answer because it aligns with the fundamental concept of this lesson. The other options are either incorrect or misleading in context.
Stars and Stellar Evolution,Stars and Stellar Evolution: Sample Question 10?,Option A,Option B,Option C,Option D,Option A,This question belongs to the lesson 'Stars and Stellar Evolution'. Option A is the correct answer because it aligns with the fundamental concept of this lesson. The other options are either incorrect or misleading in context.
Stars and Stellar Evolution,Stars and Stellar Evolution: Sample Question 11?,Option A,Option B,Option C,Option D,Option A,This question belongs to the lesson 'Stars and Stellar Evolution'. Option A is the correct answer because it aligns with the fundamental concept of this lesson. The other options are either incorrect or misleading in context.
Stars and Stellar Evolution,Stars and Stellar Evolution: Sample Question 12?,Option A,Option B,Option C,Option D,Option A,This question belongs to the lesson 'Stars and Stellar Evolution'. Option A is the correct answer because it aligns with the fundamental concept of this lesson. The other options are either incorrect or misleading in context.
Stars and Stellar Evolution,Stars and Stellar Evolution: Sample Question 13?,Option A,Option B,Option C,Option D,Option A,This question belongs to the lesson 'Stars and Stellar Evolution'. Option A is the correct answer because it aligns with the fundamental concept of this lesson. The other options are either incorrect or misleading in context.
Stars and Stellar Evolution,Stars and Stellar Evolution: Sample Question 14?,Option A,Option B,Option C,Option D,Option A,This question belongs to the lesson 'Stars and Stellar Evolution'. Option A is the correct answer because it aligns with the fundamental concept of this lesson. The other options are either incorrect or misleading in context.
Stars and Stellar Evolution,Stars and Stellar Evolution: Sample Question 15?,Option A,Option B,Option C,Option D,Option A,This question belongs to the lesson 'Stars and Stellar Evolution'. Option A is the correct answer because it aligns with the fundamental concept of this lesson. The other options are either incorrect or misleading in context.
Stars and Stellar Evolution,Stars and Stellar Evolution: Sample Question 16?,Option A,Option B,Option C,Option D,Option A,This question belongs to the lesson 'Stars and Stellar Evolution'. Option A is the correct answer because it aligns with the fundamental concept of this lesson. The other options are either incorrect or misleading in context.
Stars and Stellar Evolution,Stars and Stellar Evolution: Sample Question 17?,Option A,Option B,Option C,Option D,Option A,This question belongs to the lesson 'Stars and Stellar Evolution'. Option A is the correct answer because it aligns with the fundamental concept of this lesson. The other options are either incorrect or misleading in context.
Stars and Stellar Evolution,Stars and Stellar Evolution: Sample Question 18?,Option A,Option B,Option C,Option D,Option A,This question belongs to the lesson 'Stars and Stellar Evolution'. Option A is the correct answer because it aligns with the fundamental concept of this lesson. The other options are either incorrect or misleading in context.
Stars and Stellar Evolution,Stars and Stellar Evolution: Sample Question 19?,Option A,Option B,Option C,Option D,Option A,This question belongs to the lesson 'Stars and Stellar Evolution'. Option A is the correct answer because it aligns with the fundamental concept of this lesson. The other options are either incorrect or misleading in context.
Stars and Stellar Evolution,Stars and Stellar Evolution: Sample Question 20?,Option A,Option B,Option C,Option D,Option A,This question belongs to the lesson 'Stars and Stellar Evolution'. Option A is the correct answer because it aligns with the fundamental concept of this lesson. The other options are either incorrect or misleading in context.
Galaxies and the Universe,Galaxies and the Universe: Sample Question 1?,Option A,Option B,Option C,Option D,Option A,This question belongs to the lesson 'Galaxies and the Universe'. Option A is the correct answer because it aligns with the fundamental concept of this lesson. The other options are either incorrect or misleading in context.
Galaxies and the Universe,Galaxies and the Universe: Sample Question 2?,Option A,Option B,Option C,Option D,Option A,This question belongs to the lesson 'Galaxies and the Universe'. Option A is the correct answer because it aligns with the fundamental concept of this lesson. The other options are either incorrect or misleading in context.
Galaxies and the Universe,Galaxies and the Universe: Sample Question 3?,Option A,Option B,Option C,Option D,Option A,This question belongs to the lesson 'Galaxies and the Universe'. Option A is the correct answer because it aligns with the fundamental concept of this lesson. The other options are either incorrect or misleading in context.
Galaxies and the Universe,Galaxies and the Universe: Sample Question 4?,Option A,Option B,Option C,Option D,Option A,This question belongs to the lesson 'Galaxies and the Universe'. Option A is the correct answer because it aligns with the fundamental concept of this lesson. The other options are either incorrect or misleading in context.
Galaxies and the Universe,Galaxies and the Universe: Sample Question 5?,Option A,Option B,Option C,Option D,Option A,This question belongs to the lesson 'Galaxies and the Universe'. Option A is the correct answer because it aligns with the fundamental concept of this lesson. The other options are either incorrect or misleading in context.
Galaxies and the Universe,Galaxies and the Universe: Sample Question 6?,Option A,Option B,Option C,Option D,Option A,This question belongs to the lesson 'Galaxies and the Universe'. Option A is the correct answer because it aligns with the fundamental concept of this lesson. The other options are either incorrect or misleading in context.
Galaxies and the Universe,Galaxies and the Universe: Sample Question 7?,Option A,Option B,Option C,Option D,Option A,This question belongs to the lesson 'Galaxies and the Universe'. Option A is the correct answer because it aligns with the fundamental concept of this lesson. The other options are either incorrect or misleading in context.
Galaxies and the Universe,Galaxies and the Universe: Sample Question 8?,Option A,Option B,Option C,Option D,Option A,This question belongs to the lesson 'Galaxies and the Universe'. Option A is the correct answer because it aligns with the fundamental concept of this lesson. The other options are either incorrect or misleading in context.
Galaxies and the Universe,Galaxies and the Universe: Sample Question 9?,Option A,Option B,Option C,Option D,Option A,This question belongs to the lesson 'Galaxies and the Universe'. Option A is the correct answer because it aligns with the fundamental concept of this lesson. The other options are either incorrect or misleading in context.
Galaxies and the Universe,Galaxies and the Universe: Sample Question 10?,Option A,Option B,Option C,Option D,Option A,This question belongs to the lesson 'Galaxies and the Universe'. Option A is the correct answer because it aligns with the fundamental concept of this lesson. The other options are either incorrect or misleading in context.
Galaxies and the Universe,Galaxies and the Universe: Sample Question 11?,Option A,Option B,Option C,Option D,Option A,This question belongs to the lesson 'Galaxies and the Universe'. Option A is the correct answer because it aligns with the fundamental concept of this lesson. The other options are either incorrect or misleading in context.
Galaxies and the Universe,Galaxies and the Universe: Sample Question 12?,Option A,Option B,Option C,Option D,Option A,This question belongs to the lesson 'Galaxies and the Universe'. Option A is the correct answer because it aligns with the fundamental concept of this lesson. The other options are either incorrect or misleading in context.
Galaxies and the Universe,Galaxies and the Universe: Sample Question 13?,Option A,Option B,Option C,Option D,Option A,This question belongs to the lesson 'Galaxies and the Universe'. Option A is the correct answer because it aligns with the fundamental concept of this lesson. The other options are either incorrect or misleading in context.
Galaxies and the Universe,Galaxies and the Universe: Sample Question 14?,Option A,Option B,Option C,Option D,Option A,This question belongs to the lesson 'Galaxies and the Universe'. Option A is the correct answer because it aligns with the fundamental concept of this lesson. The other options are either incorrect or misleading in context.
Galaxies and the Universe,Galaxies and the Universe: Sample Question 15?,Option A,Option B,Option C,Option D,Option A,This question belongs to the lesson 'Galaxies and the Universe'. Option A is the correct answer because it aligns with the fundamental concept of this lesson. The other options are either incorrect or misleading in context.
Galaxies and the Universe,Galaxies and the Universe: Sample Question 16?,Option A,Option B,Option C,Option D,Option A,This question belongs to the lesson 'Galaxies and the Universe'. Option A is the correct answer because it aligns with the fundamental concept of this lesson. The other options are either incorrect or misleading in context.
Galaxies and the Universe,Galaxies and the Universe: Sample Question 17?,Option A,Option B,Option C,Option D,Option A,This question belongs to the lesson 'Galaxies and the Universe'. Option A is the correct answer because it aligns with the fundamental concept of this lesson. The other options are either incorrect or misleading in context.
Galaxies and the Universe,Galaxies and the Universe: Sample Question 18?,Option A,Option B,Option C,Option D,Option A,This question belongs to the lesson 'Galaxies and the Universe'. Option A is the correct answer because it aligns with the fundamental concept of this lesson. The other options are either incorrect or misleading in context.
Galaxies and the Universe,Galaxies and the Universe: Sample Question 19?,Option A,Option B,Option C,Option D,Option A,This question belongs to the lesson 'Galaxies and the Universe'. Option A is the correct answer because it aligns with the fundamental concept of this lesson. The other options are either incorrect or misleading in context.
Galaxies and the Universe,Galaxies and the Universe: Sample Question 20?,Option A,Option B,Option C,Option D,Option A,This question belongs to the lesson 'Galaxies and the Universe'. Option A is the correct answer because it aligns with the fundamental concept of this lesson. The other options are either incorrect or misleading in context.
Space Exploration,Space Exploration: Sample Question 1?,Option A,Option B,Option C,Option D,Option A,This question belongs to the lesson 'Space Exploration'. Option A is the correct answer because it aligns with the fundamental concept of this lesson. The other options are either incorrect or misleading in context.
Space Exploration,Space Exploration: Sample Question 2?,Option A,Option B,Option C,Option D,Option A,This question belongs to the lesson 'Space Exploration'. Option A is the correct answer because it aligns with the fundamental concept of this lesson. The other options are either incorrect or misleading in context.
Space Exploration,Space Exploration: Sample Question 3?,Option A,Option B,Option C,Option D,Option A,This question belongs to the lesson 'Space Exploration'. Option A is the correct answer because it aligns with the fundamental concept of this lesson. The other options are either incorrect or misleading in context.
Space Exploration,Space Exploration: Sample Question 4?,Option A,Option B,Option C,Option D,Option A,This question belongs to the lesson 'Space Exploration'. Option A is the correct answer because it aligns with the fundamental concept of this lesson. The other options are either incorrect or misleading in context.
Space Exploration,Space Exploration: Sample Question 5?,Option A,Option B,Option C,Option D,Option A,This question belongs to the lesson 'Space Exploration'. Option A is the correct answer because it aligns with the fundamental concept of this lesson. The other options are either incorrect or misleading in context.
Space Exploration,Space Exploration: Sample Question 6?,Option A,Option B,Option C,Option D,Option A,This question belongs to the lesson 'Space Exploration'. Option A is the correct answer because it aligns with the fundamental concept of this lesson. The other options are either incorrect or misleading in context.
Space Exploration,Space Exploration: Sample Question 7?,Option A,Option B,Option C,Option D,Option A,This question belongs to the lesson 'Space Exploration'. Option A is the correct answer because it aligns with the fundamental concept of this lesson. The other options are either incorrect or misleading in context.
Space Exploration,Space Exploration: Sample Question 8?,Option A,Option B,Option C,Option D,Option A,This question belongs to the lesson 'Space Exploration'. Option A is the correct answer because it aligns with the fundamental concept of this lesson. The other options are either incorrect or misleading in context.
Space Exploration,Space Exploration: Sample Question 9?,Option A,Option B,Option C,Option D,Option A,This question belongs to the lesson 'Space Exploration'. Option A is the correct answer because it aligns with the fundamental concept of this lesson. The other options are either incorrect or misleading in context.
Space Exploration,Space Exploration: Sample Question 10?,Option A,Option B,Option C,Option D,Option A,This question belongs to the lesson 'Space Exploration'. Option A is the correct answer because it aligns with the fundamental concept of this lesson. The other options are either incorrect or misleading in context.
Space Exploration,Space Exploration: Sample Question 11?,Option A,Option B,Option C,Option D,Option A,This question belongs to the lesson 'Space Exploration'. Option A is the correct answer because it aligns with the fundamental concept of this lesson. The other options are either incorrect or misleading in context.
Space Exploration,Space Exploration: Sample Question 12?,Option A,Option B,Option C,Option D,Option A,This question belongs to the lesson 'Space Exploration'. Option A is the correct answer because it aligns with the fundamental concept of this lesson. The other options are either incorrect or misleading in context.
Space Exploration,Space Exploration: Sample Question 13?,Option A,Option B,Option C,Option D,Option A,This question belongs to the lesson 'Space Exploration'. Option A is the correct answer because it aligns with the fundamental concept of this lesson. The other options are either incorrect or misleading in context.
Space Exploration,Space Exploration: Sample Question 14?,Option A,Option B,Option C,Option D,Option A,This question belongs to the lesson 'Space Exploration'. Option A is the correct answer because it aligns with the fundamental concept of this lesson. The other options are either incorrect or misleading in context.
Space Exploration,Space Exploration: Sample Question 15?,Option A,Option B,Option C,Option D,Option A,This question belongs to the lesson 'Space Exploration'. Option A is the correct answer because it aligns with the fundamental concept of this lesson. The other options are either incorrect or misleading in context.
Space Exploration,Space Exploration: Sample Question 16?,Option A,Option B,Option C,Option D,Option A,This question belongs to the lesson 'Space Exploration'. Option A is the correct answer because it aligns with the fundamental concept of this lesson. The other options are either incorrect or misleading in context.
Space Exploration,Space Exploration: Sample Question 17?,Option A,Option B,Option C,Option D,Option A,This question belongs to the lesson 'Space Exploration'. Option A is the correct answer because it aligns with the fundamental concept of this lesson. The other options are either incorrect or misleading in context.
Space Exploration,Space Exploration: Sample Question 18?,Option A,Option B,Option C,Option D,Option A,This question belongs to the lesson 'Space Exploration'. Option A is the correct answer because it aligns with the fundamental concept of this lesson. The other options are either incorrect or misleading in context.
Space Exploration,Space Exploration: Sample Question 19?,Option A,Option B,Option C,Option D,Option A,This question belongs to the lesson 'Space Exploration'. Option A is the correct answer because it aligns with the fundamental concept of this lesson. The other options are either incorrect or misleading in context.
Space Exploration,Space Exploration: Sample Question 20?,Option A,Option B,Option C,Option D,Option A,This question belongs to the lesson 'Space Exploration'. Option A is the correct answer because it aligns with the fundamental concept of this lesson. The other options are either incorrect or misleading in context.
